id;type;date;amount;user_id;product_id
1;BuyTransaction;27-11-2020 15:13:05;-1200;1;11
2;InsertCashTransaction;27-11-2020 15:13:15;100;1;
3;BuyTransaction;27-11-2020 15:13:34;-1200;1;11
4;BuyTransaction;27-11-2020 15:13:34;-1200;1;11
5;BuyTransaction;27-11-2020 15:13:34;-1200;1;11
6;BuyTransaction;27-11-2020 15:13:34;-1200;1;11
7;BuyTransaction;27-11-2020 15:13:34;-1200;1;11
8;BuyTransaction;27-11-2020 15:13:34;-1200;1;11
9;BuyTransaction;27-11-2020 15:13:34;-1200;1;11
10;BuyTransaction;27-11-2020 15:13:34;-1200;1;11
11;BuyTransaction;27-11-2020 15:13:34;-1200;1;11
12;BuyTransaction;27-11-2020 15:13:34;-1200;1;11
13;BuyTransaction;27-11-2020 15:13:34;-1200;1;11
14;BuyTransaction;27-11-2020 15:13:34;-1200;1;11
15;BuyTransaction;27-11-2020 15:13:34;-1200;1;11
16;BuyTransaction;27-11-2020 15:13:34;-1200;1;11
17;BuyTransaction;27-11-2020 15:13:34;-1200;1;11
18;BuyTransaction;27-11-2020 15:13:34;-1200;1;11
19;BuyTransaction;27-11-2020 15:13:34;-1200;1;11
20;BuyTransaction;27-11-2020 15:13:34;-1200;1;11
21;BuyTransaction;27-11-2020 15:13:34;-1200;1;11
22;BuyTransaction;27-11-2020 15:13:34;-1200;1;11
23;BuyTransaction;27-11-2020 15:13:34;-1200;1;11
24;BuyTransaction;27-11-2020 15:13:34;-1200;1;11
25;BuyTransaction;27-11-2020 15:13:34;-1200;1;11
26;BuyTransaction;27-11-2020 15:13:34;-1200;1;11
27;BuyTransaction;27-11-2020 15:13:34;-1200;1;11
28;BuyTransaction;27-11-2020 15:13:34;-1200;1;11
29;BuyTransaction;27-11-2020 15:13:34;-1200;1;11
30;BuyTransaction;27-11-2020 15:13:34;-1200;1;11
31;BuyTransaction;27-11-2020 15:13:34;-1200;1;11
32;BuyTransaction;27-11-2020 15:13:34;-1200;1;11
33;BuyTransaction;27-11-2020 15:13:34;-1200;1;11
34;BuyTransaction;27-11-2020 15:13:34;-1200;1;11
35;BuyTransaction;27-11-2020 15:13:34;-1200;1;11
36;BuyTransaction;27-11-2020 15:13:34;-1200;1;11
37;BuyTransaction;27-11-2020 15:13:34;-1200;1;11
38;BuyTransaction;27-11-2020 15:13:34;-1200;1;11
39;BuyTransaction;27-11-2020 15:13:34;-1200;1;11
40;BuyTransaction;27-11-2020 15:13:34;-1200;1;11
41;BuyTransaction;27-11-2020 15:13:34;-1200;1;11
42;BuyTransaction;27-11-2020 15:13:34;-1200;1;11
43;BuyTransaction;27-11-2020 15:13:34;-1200;1;11
44;BuyTransaction;27-11-2020 15:13:34;-1200;1;11
45;BuyTransaction;27-11-2020 15:13:34;-1200;1;11
46;BuyTransaction;27-11-2020 15:13:34;-1200;1;11
47;BuyTransaction;27-11-2020 15:13:34;-1200;1;11
48;BuyTransaction;27-11-2020 15:13:34;-1200;1;11
49;BuyTransaction;27-11-2020 15:13:34;-1200;1;11
50;BuyTransaction;27-11-2020 15:13:34;-1200;1;11
51;BuyTransaction;27-11-2020 15:13:34;-1200;1;11
52;BuyTransaction;27-11-2020 15:13:34;-1200;1;11
53;BuyTransaction;27-11-2020 15:13:34;-1200;1;11
54;BuyTransaction;27-11-2020 15:13:34;-1200;1;11
55;BuyTransaction;27-11-2020 15:13:34;-1200;1;11
56;BuyTransaction;27-11-2020 15:13:34;-1200;1;11
57;BuyTransaction;27-11-2020 15:13:34;-1200;1;11
58;BuyTransaction;27-11-2020 15:13:34;-1200;1;11
59;BuyTransaction;27-11-2020 15:13:34;-1200;1;11
60;BuyTransaction;27-11-2020 15:13:34;-1200;1;11
61;BuyTransaction;27-11-2020 15:13:34;-1200;1;11
62;BuyTransaction;27-11-2020 15:13:34;-1200;1;11
63;BuyTransaction;27-11-2020 15:13:34;-1200;1;11
64;BuyTransaction;27-11-2020 15:13:34;-1200;1;11
65;BuyTransaction;27-11-2020 15:13:34;-1200;1;11
66;BuyTransaction;27-11-2020 15:13:34;-1200;1;11
67;BuyTransaction;27-11-2020 15:13:34;-1200;1;11
68;BuyTransaction;27-11-2020 15:13:34;-1200;1;11
69;BuyTransaction;27-11-2020 15:13:34;-1200;1;11
70;BuyTransaction;27-11-2020 15:13:34;-1200;1;11
71;BuyTransaction;27-11-2020 15:13:34;-1200;1;11
72;BuyTransaction;27-11-2020 15:13:34;-1200;1;11
73;BuyTransaction;27-11-2020 15:13:34;-1200;1;11
74;BuyTransaction;27-11-2020 15:13:34;-1200;1;11
75;BuyTransaction;27-11-2020 15:13:34;-1200;1;11
76;BuyTransaction;27-11-2020 15:13:34;-1200;1;11
77;BuyTransaction;27-11-2020 15:13:34;-1200;1;11
78;BuyTransaction;27-11-2020 15:13:34;-1200;1;11
79;BuyTransaction;27-11-2020 15:13:34;-1200;1;11
80;BuyTransaction;27-11-2020 15:13:34;-1200;1;11
81;BuyTransaction;27-11-2020 15:13:34;-1200;1;11
82;BuyTransaction;27-11-2020 15:13:34;-1200;1;11
83;BuyTransaction;27-11-2020 15:13:34;-1200;1;11
84;BuyTransaction;27-11-2020 15:13:34;-1200;1;11
85;BuyTransaction;27-11-2020 15:13:34;-1200;1;11
86;BuyTransaction;27-11-2020 15:13:34;-1200;1;11
87;BuyTransaction;27-11-2020 15:13:34;-1200;1;11
88;BuyTransaction;27-11-2020 15:13:34;-1200;1;11
89;BuyTransaction;27-11-2020 15:13:34;-1200;1;11
90;BuyTransaction;27-11-2020 15:13:34;-1200;1;11
91;BuyTransaction;27-11-2020 15:13:34;-1200;1;11
92;BuyTransaction;27-11-2020 15:13:34;-1200;1;11
93;BuyTransaction;27-11-2020 15:13:34;-1200;1;11
94;BuyTransaction;27-11-2020 15:13:34;-1200;1;11
95;BuyTransaction;27-11-2020 15:13:34;-1200;1;11
96;BuyTransaction;27-11-2020 15:13:34;-1200;1;11
97;BuyTransaction;27-11-2020 15:13:34;-1200;1;11
98;BuyTransaction;27-11-2020 15:13:34;-1200;1;11
99;BuyTransaction;27-11-2020 15:13:34;-1200;1;11
100;BuyTransaction;27-11-2020 15:13:34;-1200;1;11
101;BuyTransaction;27-11-2020 15:13:34;-1200;1;11
102;BuyTransaction;27-11-2020 15:13:34;-1200;1;11
103;BuyTransaction;27-11-2020 15:13:34;-1200;1;11
104;BuyTransaction;27-11-2020 15:13:34;-1200;1;11
105;BuyTransaction;27-11-2020 15:13:34;-1200;1;11
106;BuyTransaction;27-11-2020 15:13:34;-1200;1;11
107;BuyTransaction;27-11-2020 15:13:34;-1200;1;11
108;BuyTransaction;27-11-2020 15:13:34;-1200;1;11
109;BuyTransaction;27-11-2020 15:13:34;-1200;1;11
110;BuyTransaction;27-11-2020 15:13:34;-1200;1;11
111;BuyTransaction;27-11-2020 15:13:34;-1200;1;11
112;BuyTransaction;27-11-2020 15:13:34;-1200;1;11
113;BuyTransaction;27-11-2020 15:13:34;-1200;1;11
114;BuyTransaction;27-11-2020 15:13:34;-1200;1;11
115;BuyTransaction;27-11-2020 15:13:34;-1200;1;11
116;BuyTransaction;27-11-2020 15:13:34;-1200;1;11
117;BuyTransaction;27-11-2020 15:13:34;-1200;1;11
118;BuyTransaction;27-11-2020 15:13:34;-1200;1;11
119;BuyTransaction;27-11-2020 15:13:34;-1200;1;11
120;BuyTransaction;27-11-2020 15:13:34;-1200;1;11
121;BuyTransaction;27-11-2020 15:13:34;-1200;1;11
122;BuyTransaction;27-11-2020 15:13:34;-1200;1;11
123;BuyTransaction;27-11-2020 15:13:34;-1200;1;11
124;BuyTransaction;27-11-2020 15:13:34;-1200;1;11
125;BuyTransaction;27-11-2020 15:13:34;-1200;1;11
126;BuyTransaction;27-11-2020 15:13:34;-1200;1;11
127;BuyTransaction;27-11-2020 15:13:34;-1200;1;11
128;BuyTransaction;27-11-2020 15:13:34;-1200;1;11
129;BuyTransaction;27-11-2020 15:13:34;-1200;1;11
130;BuyTransaction;27-11-2020 15:13:34;-1200;1;11
131;BuyTransaction;27-11-2020 15:13:34;-1200;1;11
132;BuyTransaction;27-11-2020 15:13:34;-1200;1;11
133;BuyTransaction;27-11-2020 15:13:34;-1200;1;11
134;BuyTransaction;27-11-2020 15:13:34;-1200;1;11
135;BuyTransaction;27-11-2020 15:13:34;-1200;1;11
136;BuyTransaction;27-11-2020 15:13:34;-1200;1;11
137;BuyTransaction;27-11-2020 15:13:34;-1200;1;11
138;BuyTransaction;27-11-2020 15:13:34;-1200;1;11
139;BuyTransaction;27-11-2020 15:13:34;-1200;1;11
140;BuyTransaction;27-11-2020 15:13:34;-1200;1;11
141;BuyTransaction;27-11-2020 15:13:34;-1200;1;11
142;BuyTransaction;27-11-2020 15:13:34;-1200;1;11
143;BuyTransaction;27-11-2020 15:13:34;-1200;1;11
144;BuyTransaction;27-11-2020 15:13:34;-1200;1;11
145;BuyTransaction;27-11-2020 15:13:34;-1200;1;11
146;BuyTransaction;27-11-2020 15:13:34;-1200;1;11
147;BuyTransaction;27-11-2020 15:13:34;-1200;1;11
148;BuyTransaction;27-11-2020 15:13:34;-1200;1;11
149;BuyTransaction;27-11-2020 15:13:34;-1200;1;11
150;BuyTransaction;27-11-2020 15:13:34;-1200;1;11
151;BuyTransaction;27-11-2020 15:13:34;-1200;1;11
152;BuyTransaction;27-11-2020 15:13:34;-1200;1;11
153;BuyTransaction;27-11-2020 15:13:34;-1200;1;11
154;BuyTransaction;27-11-2020 15:13:34;-1200;1;11
155;BuyTransaction;27-11-2020 15:13:34;-1200;1;11
156;BuyTransaction;27-11-2020 15:13:34;-1200;1;11
157;BuyTransaction;27-11-2020 15:13:34;-1200;1;11
158;BuyTransaction;27-11-2020 15:13:34;-1200;1;11
159;BuyTransaction;27-11-2020 15:13:34;-1200;1;11
160;BuyTransaction;27-11-2020 15:13:34;-1200;1;11
161;BuyTransaction;27-11-2020 15:13:34;-1200;1;11
162;BuyTransaction;27-11-2020 15:13:34;-1200;1;11
163;BuyTransaction;27-11-2020 15:13:34;-1200;1;11
164;BuyTransaction;27-11-2020 15:13:34;-1200;1;11
165;BuyTransaction;27-11-2020 15:13:34;-1200;1;11
166;BuyTransaction;27-11-2020 15:13:34;-1200;1;11
167;BuyTransaction;27-11-2020 15:13:34;-1200;1;11
168;BuyTransaction;27-11-2020 15:13:34;-1200;1;11
169;BuyTransaction;27-11-2020 15:13:34;-1200;1;11
170;BuyTransaction;27-11-2020 15:13:34;-1200;1;11
171;BuyTransaction;27-11-2020 15:13:34;-1200;1;11
172;BuyTransaction;27-11-2020 15:13:34;-1200;1;11
173;BuyTransaction;27-11-2020 15:13:34;-1200;1;11
174;BuyTransaction;27-11-2020 15:13:34;-1200;1;11
175;BuyTransaction;27-11-2020 15:13:34;-1200;1;11
176;BuyTransaction;27-11-2020 15:13:34;-1200;1;11
177;BuyTransaction;27-11-2020 15:13:34;-1200;1;11
178;BuyTransaction;27-11-2020 15:13:34;-1200;1;11
179;BuyTransaction;27-11-2020 15:13:34;-1200;1;11
180;BuyTransaction;27-11-2020 15:13:34;-1200;1;11
181;BuyTransaction;27-11-2020 15:13:34;-1200;1;11
182;BuyTransaction;27-11-2020 15:13:34;-1200;1;11
183;BuyTransaction;27-11-2020 15:13:34;-1200;1;11
184;BuyTransaction;27-11-2020 15:13:34;-1200;1;11
185;BuyTransaction;27-11-2020 15:13:34;-1200;1;11
186;BuyTransaction;27-11-2020 15:13:34;-1200;1;11
187;BuyTransaction;27-11-2020 15:13:34;-1200;1;11
188;BuyTransaction;27-11-2020 15:13:34;-1200;1;11
189;BuyTransaction;27-11-2020 15:13:34;-1200;1;11
190;BuyTransaction;27-11-2020 15:13:34;-1200;1;11
191;BuyTransaction;27-11-2020 15:13:34;-1200;1;11
192;BuyTransaction;27-11-2020 15:13:34;-1200;1;11
193;BuyTransaction;27-11-2020 15:13:34;-1200;1;11
194;BuyTransaction;27-11-2020 15:13:34;-1200;1;11
195;BuyTransaction;27-11-2020 15:13:34;-1200;1;11
196;BuyTransaction;27-11-2020 15:13:34;-1200;1;11
197;BuyTransaction;27-11-2020 15:13:34;-1200;1;11
198;BuyTransaction;27-11-2020 15:13:34;-1200;1;11
199;BuyTransaction;27-11-2020 15:13:34;-1200;1;11
200;BuyTransaction;27-11-2020 15:13:34;-1200;1;11
201;BuyTransaction;27-11-2020 15:13:34;-1200;1;11
202;BuyTransaction;27-11-2020 15:13:34;-1200;1;11
203;BuyTransaction;27-11-2020 15:13:34;-1200;1;11
204;BuyTransaction;27-11-2020 15:13:34;-1200;1;11
205;BuyTransaction;27-11-2020 15:13:34;-1200;1;11
206;BuyTransaction;27-11-2020 15:13:34;-1200;1;11
207;BuyTransaction;27-11-2020 15:13:34;-1200;1;11
208;BuyTransaction;27-11-2020 15:13:34;-1200;1;11
209;BuyTransaction;27-11-2020 15:13:34;-1200;1;11
210;BuyTransaction;27-11-2020 15:13:34;-1200;1;11
211;BuyTransaction;27-11-2020 15:13:34;-1200;1;11
212;BuyTransaction;27-11-2020 15:13:34;-1200;1;11
213;BuyTransaction;27-11-2020 15:13:34;-1200;1;11
214;BuyTransaction;27-11-2020 15:13:34;-1200;1;11
215;BuyTransaction;27-11-2020 15:13:34;-1200;1;11
216;BuyTransaction;27-11-2020 15:13:34;-1200;1;11
217;BuyTransaction;27-11-2020 15:13:34;-1200;1;11
218;BuyTransaction;27-11-2020 15:13:34;-1200;1;11
219;BuyTransaction;27-11-2020 15:13:34;-1200;1;11
220;BuyTransaction;27-11-2020 15:13:34;-1200;1;11
221;BuyTransaction;27-11-2020 15:13:34;-1200;1;11
222;BuyTransaction;27-11-2020 15:13:34;-1200;1;11
223;BuyTransaction;27-11-2020 15:13:34;-1200;1;11
224;BuyTransaction;27-11-2020 15:13:34;-1200;1;11
225;BuyTransaction;27-11-2020 15:13:34;-1200;1;11
226;BuyTransaction;27-11-2020 15:13:34;-1200;1;11
227;BuyTransaction;27-11-2020 15:13:34;-1200;1;11
228;BuyTransaction;27-11-2020 15:13:34;-1200;1;11
229;BuyTransaction;27-11-2020 15:13:34;-1200;1;11
230;BuyTransaction;27-11-2020 15:13:34;-1200;1;11
231;BuyTransaction;27-11-2020 15:13:34;-1200;1;11
232;BuyTransaction;27-11-2020 15:13:34;-1200;1;11
233;BuyTransaction;27-11-2020 15:13:34;-1200;1;11
234;BuyTransaction;27-11-2020 15:13:34;-1200;1;11
235;BuyTransaction;27-11-2020 15:13:34;-1200;1;11
236;BuyTransaction;27-11-2020 15:13:34;-1200;1;11
237;BuyTransaction;27-11-2020 15:13:34;-1200;1;11
238;BuyTransaction;27-11-2020 15:13:34;-1200;1;11
239;BuyTransaction;27-11-2020 15:13:34;-1200;1;11
240;BuyTransaction;27-11-2020 15:13:34;-1200;1;11
241;BuyTransaction;27-11-2020 15:13:34;-1200;1;11
242;BuyTransaction;27-11-2020 15:13:34;-1200;1;11
243;BuyTransaction;27-11-2020 15:13:34;-1200;1;11
244;BuyTransaction;27-11-2020 15:13:34;-1200;1;11
245;BuyTransaction;27-11-2020 15:13:34;-1200;1;11
246;BuyTransaction;27-11-2020 15:13:34;-1200;1;11
247;BuyTransaction;27-11-2020 15:13:34;-1200;1;11
248;BuyTransaction;27-11-2020 15:13:34;-1200;1;11
249;BuyTransaction;27-11-2020 15:13:34;-1200;1;11
250;BuyTransaction;27-11-2020 15:13:34;-1200;1;11
251;BuyTransaction;27-11-2020 15:13:34;-1200;1;11
252;BuyTransaction;27-11-2020 15:13:34;-1200;1;11
253;BuyTransaction;27-11-2020 15:13:34;-1200;1;11
254;BuyTransaction;27-11-2020 15:13:34;-1200;1;11
255;BuyTransaction;27-11-2020 15:13:34;-1200;1;11
256;BuyTransaction;27-11-2020 15:13:34;-1200;1;11
257;BuyTransaction;27-11-2020 15:13:34;-1200;1;11
258;BuyTransaction;27-11-2020 15:13:34;-1200;1;11
259;BuyTransaction;27-11-2020 15:13:34;-1200;1;11
260;BuyTransaction;27-11-2020 15:13:34;-1200;1;11
261;BuyTransaction;27-11-2020 15:13:34;-1200;1;11
262;BuyTransaction;27-11-2020 15:13:34;-1200;1;11
263;BuyTransaction;27-11-2020 15:13:34;-1200;1;11
264;BuyTransaction;27-11-2020 15:13:34;-1200;1;11
265;BuyTransaction;27-11-2020 15:13:34;-1200;1;11
266;BuyTransaction;27-11-2020 15:13:34;-1200;1;11
267;BuyTransaction;27-11-2020 15:13:34;-1200;1;11
268;BuyTransaction;27-11-2020 15:13:34;-1200;1;11
269;BuyTransaction;27-11-2020 15:13:34;-1200;1;11
270;BuyTransaction;27-11-2020 15:13:34;-1200;1;11
271;BuyTransaction;27-11-2020 15:13:34;-1200;1;11
272;BuyTransaction;27-11-2020 15:13:34;-1200;1;11
273;BuyTransaction;27-11-2020 15:13:34;-1200;1;11
274;BuyTransaction;27-11-2020 15:13:34;-1200;1;11
275;BuyTransaction;27-11-2020 15:13:34;-1200;1;11
276;BuyTransaction;27-11-2020 15:13:34;-1200;1;11
277;BuyTransaction;27-11-2020 15:13:34;-1200;1;11
278;BuyTransaction;27-11-2020 15:13:34;-1200;1;11
279;BuyTransaction;27-11-2020 15:13:34;-1200;1;11
280;BuyTransaction;27-11-2020 15:13:34;-1200;1;11
281;BuyTransaction;27-11-2020 15:13:34;-1200;1;11
282;BuyTransaction;27-11-2020 15:13:34;-1200;1;11
283;BuyTransaction;27-11-2020 15:13:34;-1200;1;11
284;BuyTransaction;27-11-2020 15:13:34;-1200;1;11
285;BuyTransaction;27-11-2020 15:13:34;-1200;1;11
286;BuyTransaction;27-11-2020 15:13:34;-1200;1;11
287;BuyTransaction;27-11-2020 15:13:34;-1200;1;11
288;BuyTransaction;27-11-2020 15:13:34;-1200;1;11
289;BuyTransaction;27-11-2020 15:13:34;-1200;1;11
290;BuyTransaction;27-11-2020 15:13:34;-1200;1;11
291;BuyTransaction;27-11-2020 15:13:34;-1200;1;11
292;BuyTransaction;27-11-2020 15:13:34;-1200;1;11
293;BuyTransaction;27-11-2020 15:13:34;-1200;1;11
294;BuyTransaction;27-11-2020 15:13:34;-1200;1;11
295;BuyTransaction;27-11-2020 15:13:34;-1200;1;11
296;BuyTransaction;27-11-2020 15:13:34;-1200;1;11
297;BuyTransaction;27-11-2020 15:13:34;-1200;1;11
298;BuyTransaction;27-11-2020 15:13:34;-1200;1;11
299;BuyTransaction;27-11-2020 15:13:34;-1200;1;11
300;BuyTransaction;27-11-2020 15:13:34;-1200;1;11
301;BuyTransaction;27-11-2020 15:13:34;-1200;1;11
302;BuyTransaction;27-11-2020 15:13:34;-1200;1;11
303;BuyTransaction;27-11-2020 15:13:34;-1200;1;11
304;BuyTransaction;27-11-2020 15:13:34;-1200;1;11
305;BuyTransaction;27-11-2020 15:13:34;-1200;1;11
306;BuyTransaction;27-11-2020 15:13:34;-1200;1;11
307;BuyTransaction;27-11-2020 15:13:34;-1200;1;11
308;BuyTransaction;27-11-2020 15:13:34;-1200;1;11
309;BuyTransaction;27-11-2020 15:13:34;-1200;1;11
310;BuyTransaction;27-11-2020 15:13:34;-1200;1;11
311;BuyTransaction;27-11-2020 15:13:34;-1200;1;11
312;BuyTransaction;27-11-2020 15:13:34;-1200;1;11
313;BuyTransaction;27-11-2020 15:13:34;-1200;1;11
314;BuyTransaction;27-11-2020 15:13:34;-1200;1;11
315;BuyTransaction;27-11-2020 15:13:34;-1200;1;11
316;BuyTransaction;27-11-2020 15:13:34;-1200;1;11
317;BuyTransaction;27-11-2020 15:13:34;-1200;1;11
318;BuyTransaction;27-11-2020 15:13:34;-1200;1;11
319;BuyTransaction;27-11-2020 15:13:34;-1200;1;11
320;BuyTransaction;27-11-2020 15:13:34;-1200;1;11
321;BuyTransaction;27-11-2020 15:13:34;-1200;1;11
322;BuyTransaction;27-11-2020 15:13:34;-1200;1;11
323;BuyTransaction;27-11-2020 15:13:34;-1200;1;11
324;BuyTransaction;27-11-2020 15:13:34;-1200;1;11
325;BuyTransaction;27-11-2020 15:13:34;-1200;1;11
326;BuyTransaction;27-11-2020 15:13:34;-1200;1;11
327;BuyTransaction;27-11-2020 15:13:34;-1200;1;11
328;BuyTransaction;27-11-2020 15:13:34;-1200;1;11
329;BuyTransaction;27-11-2020 15:13:34;-1200;1;11
330;BuyTransaction;27-11-2020 15:13:34;-1200;1;11
331;BuyTransaction;27-11-2020 15:13:34;-1200;1;11
332;BuyTransaction;27-11-2020 15:13:34;-1200;1;11
333;BuyTransaction;27-11-2020 15:13:34;-1200;1;11
334;BuyTransaction;27-11-2020 15:13:34;-1200;1;11
335;BuyTransaction;27-11-2020 15:13:34;-1200;1;11
336;BuyTransaction;27-11-2020 15:13:34;-1200;1;11
337;BuyTransaction;27-11-2020 15:13:34;-1200;1;11
338;BuyTransaction;27-11-2020 15:13:34;-1200;1;11
339;BuyTransaction;27-11-2020 15:13:34;-1200;1;11
340;BuyTransaction;27-11-2020 15:13:34;-1200;1;11
341;BuyTransaction;27-11-2020 15:13:34;-1200;1;11
342;BuyTransaction;27-11-2020 15:13:34;-1200;1;11
343;BuyTransaction;27-11-2020 15:13:34;-1200;1;11
344;BuyTransaction;27-11-2020 15:13:34;-1200;1;11
345;BuyTransaction;27-11-2020 15:13:34;-1200;1;11
346;BuyTransaction;27-11-2020 15:13:34;-1200;1;11
347;BuyTransaction;27-11-2020 15:13:34;-1200;1;11
348;BuyTransaction;27-11-2020 15:13:34;-1200;1;11
349;BuyTransaction;27-11-2020 15:13:34;-1200;1;11
350;BuyTransaction;27-11-2020 15:13:34;-1200;1;11
351;BuyTransaction;27-11-2020 15:13:34;-1200;1;11
352;BuyTransaction;27-11-2020 15:13:34;-1200;1;11
353;BuyTransaction;27-11-2020 15:13:34;-1200;1;11
354;BuyTransaction;27-11-2020 15:13:34;-1200;1;11
355;BuyTransaction;27-11-2020 15:13:34;-1200;1;11
356;BuyTransaction;27-11-2020 15:13:34;-1200;1;11
357;BuyTransaction;27-11-2020 15:13:34;-1200;1;11
358;BuyTransaction;27-11-2020 15:13:34;-1200;1;11
359;BuyTransaction;27-11-2020 15:13:34;-1200;1;11
360;BuyTransaction;27-11-2020 15:13:34;-1200;1;11
361;BuyTransaction;27-11-2020 15:13:34;-1200;1;11
362;BuyTransaction;27-11-2020 15:13:34;-1200;1;11
363;BuyTransaction;27-11-2020 15:13:34;-1200;1;11
364;BuyTransaction;27-11-2020 15:13:34;-1200;1;11
365;BuyTransaction;27-11-2020 15:13:34;-1200;1;11
366;BuyTransaction;27-11-2020 15:13:34;-1200;1;11
367;BuyTransaction;27-11-2020 15:13:34;-1200;1;11
368;BuyTransaction;27-11-2020 15:13:34;-1200;1;11
369;BuyTransaction;27-11-2020 15:13:34;-1200;1;11
370;BuyTransaction;27-11-2020 15:13:34;-1200;1;11
371;BuyTransaction;27-11-2020 15:13:34;-1200;1;11
372;BuyTransaction;27-11-2020 15:13:34;-1200;1;11
373;BuyTransaction;27-11-2020 15:13:34;-1200;1;11
374;BuyTransaction;27-11-2020 15:13:34;-1200;1;11
375;BuyTransaction;27-11-2020 15:13:34;-1200;1;11
376;BuyTransaction;27-11-2020 15:13:34;-1200;1;11
377;BuyTransaction;27-11-2020 15:13:34;-1200;1;11
378;BuyTransaction;27-11-2020 15:13:34;-1200;1;11
379;BuyTransaction;27-11-2020 15:13:34;-1200;1;11
380;BuyTransaction;27-11-2020 15:13:34;-1200;1;11
381;BuyTransaction;27-11-2020 15:13:34;-1200;1;11
382;BuyTransaction;27-11-2020 15:13:34;-1200;1;11
383;BuyTransaction;27-11-2020 15:13:34;-1200;1;11
384;BuyTransaction;27-11-2020 15:13:34;-1200;1;11
385;BuyTransaction;27-11-2020 15:13:34;-1200;1;11
386;BuyTransaction;27-11-2020 15:13:34;-1200;1;11
387;BuyTransaction;27-11-2020 15:13:34;-1200;1;11
388;BuyTransaction;27-11-2020 15:13:34;-1200;1;11
389;BuyTransaction;27-11-2020 15:13:34;-1200;1;11
390;BuyTransaction;27-11-2020 15:13:34;-1200;1;11
391;BuyTransaction;27-11-2020 15:13:34;-1200;1;11
392;BuyTransaction;27-11-2020 15:13:34;-1200;1;11
393;BuyTransaction;27-11-2020 15:13:34;-1200;1;11
394;BuyTransaction;27-11-2020 15:13:34;-1200;1;11
395;BuyTransaction;27-11-2020 15:13:34;-1200;1;11
396;BuyTransaction;27-11-2020 15:13:34;-1200;1;11
397;BuyTransaction;27-11-2020 15:13:34;-1200;1;11
398;BuyTransaction;27-11-2020 15:13:34;-1200;1;11
399;BuyTransaction;27-11-2020 15:13:34;-1200;1;11
400;BuyTransaction;27-11-2020 15:13:34;-1200;1;11
401;BuyTransaction;27-11-2020 15:13:34;-1200;1;11
402;BuyTransaction;27-11-2020 15:13:34;-1200;1;11
403;BuyTransaction;27-11-2020 15:13:34;-1200;1;11
404;BuyTransaction;27-11-2020 15:13:34;-1200;1;11
405;BuyTransaction;27-11-2020 15:13:34;-1200;1;11
406;BuyTransaction;27-11-2020 15:13:34;-1200;1;11
407;BuyTransaction;27-11-2020 15:13:34;-1200;1;11
408;BuyTransaction;27-11-2020 15:13:34;-1200;1;11
409;BuyTransaction;27-11-2020 15:13:34;-1200;1;11
410;BuyTransaction;27-11-2020 15:13:34;-1200;1;11
411;BuyTransaction;27-11-2020 15:13:34;-1200;1;11
412;BuyTransaction;27-11-2020 15:13:34;-1200;1;11
413;BuyTransaction;27-11-2020 15:13:34;-1200;1;11
414;BuyTransaction;27-11-2020 15:13:34;-1200;1;11
415;BuyTransaction;27-11-2020 15:13:34;-1200;1;11
416;BuyTransaction;27-11-2020 15:13:34;-1200;1;11
417;BuyTransaction;27-11-2020 15:13:34;-1200;1;11
418;BuyTransaction;27-11-2020 15:13:34;-1200;1;11
419;BuyTransaction;27-11-2020 15:13:34;-1200;1;11
420;BuyTransaction;27-11-2020 15:13:34;-1200;1;11
421;BuyTransaction;27-11-2020 15:13:34;-1200;1;11
422;BuyTransaction;27-11-2020 15:13:34;-1200;1;11
423;BuyTransaction;27-11-2020 15:13:34;-1200;1;11
424;BuyTransaction;27-11-2020 15:13:34;-1200;1;11
425;BuyTransaction;27-11-2020 15:13:34;-1200;1;11
426;BuyTransaction;27-11-2020 15:13:34;-1200;1;11
427;BuyTransaction;27-11-2020 15:13:34;-1200;1;11
428;BuyTransaction;27-11-2020 15:13:34;-1200;1;11
429;BuyTransaction;27-11-2020 15:13:34;-1200;1;11
430;BuyTransaction;27-11-2020 15:13:34;-1200;1;11
431;BuyTransaction;27-11-2020 15:13:34;-1200;1;11
432;BuyTransaction;27-11-2020 15:13:34;-1200;1;11
433;BuyTransaction;27-11-2020 15:13:34;-1200;1;11
434;BuyTransaction;27-11-2020 15:13:34;-1200;1;11
435;BuyTransaction;27-11-2020 15:13:34;-1200;1;11
436;BuyTransaction;27-11-2020 15:13:34;-1200;1;11
437;BuyTransaction;27-11-2020 15:13:34;-1200;1;11
438;BuyTransaction;27-11-2020 15:13:34;-1200;1;11
439;BuyTransaction;27-11-2020 15:13:34;-1200;1;11
440;BuyTransaction;27-11-2020 15:13:34;-1200;1;11
441;BuyTransaction;27-11-2020 15:13:34;-1200;1;11
442;BuyTransaction;27-11-2020 15:13:34;-1200;1;11
443;BuyTransaction;27-11-2020 15:13:34;-1200;1;11
444;BuyTransaction;27-11-2020 15:13:34;-1200;1;11
445;BuyTransaction;27-11-2020 15:13:34;-1200;1;11
446;BuyTransaction;27-11-2020 15:13:34;-1200;1;11
447;BuyTransaction;27-11-2020 15:13:34;-1200;1;11
448;BuyTransaction;27-11-2020 15:13:34;-1200;1;11
449;BuyTransaction;27-11-2020 15:13:34;-1200;1;11
450;BuyTransaction;27-11-2020 15:13:34;-1200;1;11
451;BuyTransaction;27-11-2020 15:13:34;-1200;1;11
452;BuyTransaction;27-11-2020 15:13:34;-1200;1;11
453;BuyTransaction;27-11-2020 15:13:34;-1200;1;11
454;BuyTransaction;27-11-2020 15:13:34;-1200;1;11
455;BuyTransaction;27-11-2020 15:13:34;-1200;1;11
456;BuyTransaction;27-11-2020 15:13:34;-1200;1;11
457;BuyTransaction;27-11-2020 15:13:34;-1200;1;11
458;BuyTransaction;27-11-2020 15:13:34;-1200;1;11
459;BuyTransaction;27-11-2020 15:13:34;-1200;1;11
460;BuyTransaction;27-11-2020 15:13:34;-1200;1;11
461;BuyTransaction;27-11-2020 15:13:34;-1200;1;11
462;BuyTransaction;27-11-2020 15:13:34;-1200;1;11
463;BuyTransaction;27-11-2020 15:13:34;-1200;1;11
464;BuyTransaction;27-11-2020 15:13:34;-1200;1;11
465;BuyTransaction;27-11-2020 15:13:34;-1200;1;11
466;BuyTransaction;27-11-2020 15:13:34;-1200;1;11
467;BuyTransaction;27-11-2020 15:13:34;-1200;1;11
468;BuyTransaction;27-11-2020 15:13:34;-1200;1;11
469;BuyTransaction;27-11-2020 15:13:34;-1200;1;11
470;BuyTransaction;27-11-2020 15:13:34;-1200;1;11
471;BuyTransaction;27-11-2020 15:13:34;-1200;1;11
472;BuyTransaction;27-11-2020 15:13:34;-1200;1;11
473;BuyTransaction;27-11-2020 15:13:34;-1200;1;11
474;BuyTransaction;27-11-2020 15:13:34;-1200;1;11
475;BuyTransaction;27-11-2020 15:13:34;-1200;1;11
476;BuyTransaction;27-11-2020 15:13:34;-1200;1;11
477;BuyTransaction;27-11-2020 15:13:34;-1200;1;11
478;BuyTransaction;27-11-2020 15:13:34;-1200;1;11
479;BuyTransaction;27-11-2020 15:13:34;-1200;1;11
480;BuyTransaction;27-11-2020 15:13:34;-1200;1;11
481;BuyTransaction;27-11-2020 15:13:34;-1200;1;11
482;BuyTransaction;27-11-2020 15:13:34;-1200;1;11
483;BuyTransaction;27-11-2020 15:13:34;-1200;1;11
484;BuyTransaction;27-11-2020 15:13:34;-1200;1;11
485;BuyTransaction;27-11-2020 15:13:34;-1200;1;11
486;BuyTransaction;27-11-2020 15:13:34;-1200;1;11
487;BuyTransaction;27-11-2020 15:13:34;-1200;1;11
488;BuyTransaction;27-11-2020 15:13:34;-1200;1;11
489;BuyTransaction;27-11-2020 15:13:34;-1200;1;11
490;BuyTransaction;27-11-2020 15:13:34;-1200;1;11
491;BuyTransaction;27-11-2020 15:13:34;-1200;1;11
492;BuyTransaction;27-11-2020 15:13:34;-1200;1;11
493;BuyTransaction;27-11-2020 15:13:34;-1200;1;11
494;BuyTransaction;27-11-2020 15:13:34;-1200;1;11
495;BuyTransaction;27-11-2020 15:13:34;-1200;1;11
496;BuyTransaction;27-11-2020 15:13:34;-1200;1;11
497;BuyTransaction;27-11-2020 15:13:34;-1200;1;11
498;BuyTransaction;27-11-2020 15:13:34;-1200;1;11
499;BuyTransaction;27-11-2020 15:13:34;-1200;1;11
500;BuyTransaction;27-11-2020 15:13:34;-1200;1;11
501;BuyTransaction;27-11-2020 15:13:34;-1200;1;11
502;BuyTransaction;27-11-2020 15:13:34;-1200;1;11
503;BuyTransaction;27-11-2020 15:13:34;-1200;1;11
504;BuyTransaction;27-11-2020 15:13:34;-1200;1;11
505;BuyTransaction;27-11-2020 15:13:34;-1200;1;11
506;BuyTransaction;27-11-2020 15:13:34;-1200;1;11
507;BuyTransaction;27-11-2020 15:13:34;-1200;1;11
508;BuyTransaction;27-11-2020 15:13:34;-1200;1;11
509;BuyTransaction;27-11-2020 15:13:34;-1200;1;11
510;BuyTransaction;27-11-2020 15:13:34;-1200;1;11
511;BuyTransaction;27-11-2020 15:13:34;-1200;1;11
512;BuyTransaction;27-11-2020 15:13:34;-1200;1;11
513;BuyTransaction;27-11-2020 15:13:34;-1200;1;11
514;BuyTransaction;27-11-2020 15:13:34;-1200;1;11
515;BuyTransaction;27-11-2020 15:13:34;-1200;1;11
516;BuyTransaction;27-11-2020 15:13:34;-1200;1;11
517;BuyTransaction;27-11-2020 15:13:34;-1200;1;11
518;BuyTransaction;27-11-2020 15:13:34;-1200;1;11
519;BuyTransaction;27-11-2020 15:13:34;-1200;1;11
520;BuyTransaction;27-11-2020 15:13:34;-1200;1;11
521;BuyTransaction;27-11-2020 15:13:34;-1200;1;11
522;BuyTransaction;27-11-2020 15:13:34;-1200;1;11
523;BuyTransaction;27-11-2020 15:13:34;-1200;1;11
524;BuyTransaction;27-11-2020 15:13:34;-1200;1;11
525;BuyTransaction;27-11-2020 15:13:34;-1200;1;11
526;BuyTransaction;27-11-2020 15:13:34;-1200;1;11
527;BuyTransaction;27-11-2020 15:13:34;-1200;1;11
528;BuyTransaction;27-11-2020 15:13:34;-1200;1;11
529;BuyTransaction;27-11-2020 15:13:34;-1200;1;11
530;BuyTransaction;27-11-2020 15:13:34;-1200;1;11
531;BuyTransaction;27-11-2020 15:13:34;-1200;1;11
532;BuyTransaction;27-11-2020 15:13:34;-1200;1;11
533;BuyTransaction;27-11-2020 15:13:34;-1200;1;11
534;BuyTransaction;27-11-2020 15:13:34;-1200;1;11
535;BuyTransaction;27-11-2020 15:13:34;-1200;1;11
536;BuyTransaction;27-11-2020 15:13:34;-1200;1;11
537;BuyTransaction;27-11-2020 15:13:34;-1200;1;11
538;BuyTransaction;27-11-2020 15:13:34;-1200;1;11
539;BuyTransaction;27-11-2020 15:13:34;-1200;1;11
540;BuyTransaction;27-11-2020 15:13:34;-1200;1;11
541;BuyTransaction;27-11-2020 15:13:34;-1200;1;11
542;BuyTransaction;27-11-2020 15:13:34;-1200;1;11
543;BuyTransaction;27-11-2020 15:13:34;-1200;1;11
544;BuyTransaction;27-11-2020 15:13:34;-1200;1;11
545;BuyTransaction;27-11-2020 15:13:34;-1200;1;11
546;BuyTransaction;27-11-2020 15:13:34;-1200;1;11
547;BuyTransaction;27-11-2020 15:13:34;-1200;1;11
548;BuyTransaction;27-11-2020 15:13:34;-1200;1;11
549;BuyTransaction;27-11-2020 15:13:34;-1200;1;11
550;BuyTransaction;27-11-2020 15:13:34;-1200;1;11
551;BuyTransaction;27-11-2020 15:13:34;-1200;1;11
552;BuyTransaction;27-11-2020 15:13:34;-1200;1;11
553;BuyTransaction;27-11-2020 15:13:34;-1200;1;11
554;BuyTransaction;27-11-2020 15:13:34;-1200;1;11
555;BuyTransaction;27-11-2020 15:13:34;-1200;1;11
556;BuyTransaction;27-11-2020 15:13:34;-1200;1;11
557;BuyTransaction;27-11-2020 15:13:34;-1200;1;11
558;BuyTransaction;27-11-2020 15:13:34;-1200;1;11
559;BuyTransaction;27-11-2020 15:13:34;-1200;1;11
560;BuyTransaction;27-11-2020 15:13:34;-1200;1;11
561;BuyTransaction;27-11-2020 15:13:34;-1200;1;11
562;BuyTransaction;27-11-2020 15:13:34;-1200;1;11
563;BuyTransaction;27-11-2020 15:13:34;-1200;1;11
564;BuyTransaction;27-11-2020 15:13:34;-1200;1;11
565;BuyTransaction;27-11-2020 15:13:34;-1200;1;11
566;BuyTransaction;27-11-2020 15:13:34;-1200;1;11
567;BuyTransaction;27-11-2020 15:13:34;-1200;1;11
568;BuyTransaction;27-11-2020 15:13:34;-1200;1;11
569;BuyTransaction;27-11-2020 15:13:34;-1200;1;11
570;BuyTransaction;27-11-2020 15:13:34;-1200;1;11
571;BuyTransaction;27-11-2020 15:13:34;-1200;1;11
572;BuyTransaction;27-11-2020 15:13:34;-1200;1;11
573;BuyTransaction;27-11-2020 15:13:34;-1200;1;11
574;BuyTransaction;27-11-2020 15:13:34;-1200;1;11
575;BuyTransaction;27-11-2020 15:13:34;-1200;1;11
576;BuyTransaction;27-11-2020 15:13:34;-1200;1;11
577;BuyTransaction;27-11-2020 15:13:34;-1200;1;11
578;BuyTransaction;27-11-2020 15:13:34;-1200;1;11
579;BuyTransaction;27-11-2020 15:13:34;-1200;1;11
580;BuyTransaction;27-11-2020 15:13:34;-1200;1;11
581;BuyTransaction;27-11-2020 15:13:34;-1200;1;11
582;BuyTransaction;27-11-2020 15:13:34;-1200;1;11
583;BuyTransaction;27-11-2020 15:13:34;-1200;1;11
584;BuyTransaction;27-11-2020 15:13:34;-1200;1;11
585;BuyTransaction;27-11-2020 15:13:34;-1200;1;11
586;BuyTransaction;27-11-2020 15:13:34;-1200;1;11
587;BuyTransaction;27-11-2020 15:13:34;-1200;1;11
588;BuyTransaction;27-11-2020 15:13:34;-1200;1;11
589;BuyTransaction;27-11-2020 15:13:34;-1200;1;11
590;BuyTransaction;27-11-2020 15:13:34;-1200;1;11
591;BuyTransaction;27-11-2020 15:13:34;-1200;1;11
592;BuyTransaction;27-11-2020 15:13:34;-1200;1;11
593;BuyTransaction;27-11-2020 15:13:34;-1200;1;11
594;BuyTransaction;27-11-2020 15:13:34;-1200;1;11
595;BuyTransaction;27-11-2020 15:13:34;-1200;1;11
596;BuyTransaction;27-11-2020 15:13:34;-1200;1;11
597;BuyTransaction;27-11-2020 15:13:34;-1200;1;11
598;BuyTransaction;27-11-2020 15:13:34;-1200;1;11
599;BuyTransaction;27-11-2020 15:13:34;-1200;1;11
600;BuyTransaction;27-11-2020 15:13:34;-1200;1;11
601;BuyTransaction;27-11-2020 15:13:34;-1200;1;11
602;BuyTransaction;27-11-2020 15:13:34;-1200;1;11
603;BuyTransaction;27-11-2020 15:13:34;-1200;1;11
604;BuyTransaction;27-11-2020 15:13:34;-1200;1;11
605;BuyTransaction;27-11-2020 15:13:34;-1200;1;11
606;BuyTransaction;27-11-2020 15:13:34;-1200;1;11
607;BuyTransaction;27-11-2020 15:13:34;-1200;1;11
608;BuyTransaction;27-11-2020 15:13:34;-1200;1;11
609;BuyTransaction;27-11-2020 15:13:34;-1200;1;11
610;BuyTransaction;27-11-2020 15:13:34;-1200;1;11
611;BuyTransaction;27-11-2020 15:13:34;-1200;1;11
612;BuyTransaction;27-11-2020 15:13:34;-1200;1;11
613;BuyTransaction;27-11-2020 15:13:34;-1200;1;11
614;BuyTransaction;27-11-2020 15:13:34;-1200;1;11
615;BuyTransaction;27-11-2020 15:13:34;-1200;1;11
616;BuyTransaction;27-11-2020 15:13:34;-1200;1;11
617;BuyTransaction;27-11-2020 15:13:34;-1200;1;11
618;BuyTransaction;27-11-2020 15:13:34;-1200;1;11
619;BuyTransaction;27-11-2020 15:13:34;-1200;1;11
620;BuyTransaction;27-11-2020 15:13:34;-1200;1;11
621;BuyTransaction;27-11-2020 15:13:34;-1200;1;11
622;BuyTransaction;27-11-2020 15:13:34;-1200;1;11
623;BuyTransaction;27-11-2020 15:13:34;-1200;1;11
624;BuyTransaction;27-11-2020 15:13:34;-1200;1;11
625;BuyTransaction;27-11-2020 15:13:34;-1200;1;11
626;BuyTransaction;27-11-2020 15:13:34;-1200;1;11
627;BuyTransaction;27-11-2020 15:13:34;-1200;1;11
628;BuyTransaction;27-11-2020 15:13:34;-1200;1;11
629;BuyTransaction;27-11-2020 15:13:34;-1200;1;11
630;BuyTransaction;27-11-2020 15:13:34;-1200;1;11
631;BuyTransaction;27-11-2020 15:13:34;-1200;1;11
632;BuyTransaction;27-11-2020 15:13:34;-1200;1;11
633;BuyTransaction;27-11-2020 15:13:34;-1200;1;11
634;BuyTransaction;27-11-2020 15:13:34;-1200;1;11
635;BuyTransaction;27-11-2020 15:13:34;-1200;1;11
636;BuyTransaction;27-11-2020 15:13:34;-1200;1;11
637;BuyTransaction;27-11-2020 15:13:34;-1200;1;11
638;BuyTransaction;27-11-2020 15:13:34;-1200;1;11
639;BuyTransaction;27-11-2020 15:13:34;-1200;1;11
640;BuyTransaction;27-11-2020 15:13:34;-1200;1;11
641;BuyTransaction;27-11-2020 15:13:34;-1200;1;11
642;BuyTransaction;27-11-2020 15:13:34;-1200;1;11
643;BuyTransaction;27-11-2020 15:13:34;-1200;1;11
644;BuyTransaction;27-11-2020 15:13:34;-1200;1;11
645;BuyTransaction;27-11-2020 15:13:34;-1200;1;11
646;BuyTransaction;27-11-2020 15:13:34;-1200;1;11
647;BuyTransaction;27-11-2020 15:13:34;-1200;1;11
648;BuyTransaction;27-11-2020 15:13:34;-1200;1;11
649;BuyTransaction;27-11-2020 15:13:34;-1200;1;11
650;BuyTransaction;27-11-2020 15:13:34;-1200;1;11
651;BuyTransaction;27-11-2020 15:13:34;-1200;1;11
652;BuyTransaction;27-11-2020 15:13:34;-1200;1;11
653;BuyTransaction;27-11-2020 15:13:34;-1200;1;11
654;BuyTransaction;27-11-2020 15:13:34;-1200;1;11
655;BuyTransaction;27-11-2020 15:13:34;-1200;1;11
656;BuyTransaction;27-11-2020 15:13:34;-1200;1;11
657;BuyTransaction;27-11-2020 15:13:34;-1200;1;11
658;BuyTransaction;27-11-2020 15:13:34;-1200;1;11
659;BuyTransaction;27-11-2020 15:13:34;-1200;1;11
660;BuyTransaction;27-11-2020 15:13:34;-1200;1;11
661;BuyTransaction;27-11-2020 15:13:34;-1200;1;11
662;BuyTransaction;27-11-2020 15:13:34;-1200;1;11
663;BuyTransaction;27-11-2020 15:13:34;-1200;1;11
664;BuyTransaction;27-11-2020 15:13:34;-1200;1;11
665;BuyTransaction;27-11-2020 15:13:34;-1200;1;11
666;BuyTransaction;27-11-2020 15:13:34;-1200;1;11
667;BuyTransaction;27-11-2020 15:13:34;-1200;1;11
668;BuyTransaction;27-11-2020 15:13:34;-1200;1;11
669;BuyTransaction;27-11-2020 15:13:34;-1200;1;11
670;BuyTransaction;27-11-2020 15:13:34;-1200;1;11
671;BuyTransaction;27-11-2020 15:13:34;-1200;1;11
672;BuyTransaction;27-11-2020 15:13:34;-1200;1;11
673;BuyTransaction;27-11-2020 15:13:34;-1200;1;11
674;BuyTransaction;27-11-2020 15:13:34;-1200;1;11
675;BuyTransaction;27-11-2020 15:13:34;-1200;1;11
676;BuyTransaction;27-11-2020 15:13:34;-1200;1;11
677;BuyTransaction;27-11-2020 15:13:34;-1200;1;11
678;BuyTransaction;27-11-2020 15:13:34;-1200;1;11
679;BuyTransaction;27-11-2020 15:13:34;-1200;1;11
680;BuyTransaction;27-11-2020 15:13:34;-1200;1;11
681;BuyTransaction;27-11-2020 15:13:34;-1200;1;11
682;BuyTransaction;27-11-2020 15:13:34;-1200;1;11
683;BuyTransaction;27-11-2020 15:13:34;-1200;1;11
684;BuyTransaction;27-11-2020 15:13:34;-1200;1;11
685;BuyTransaction;27-11-2020 15:13:34;-1200;1;11
686;BuyTransaction;27-11-2020 15:13:34;-1200;1;11
687;BuyTransaction;27-11-2020 15:13:34;-1200;1;11
688;BuyTransaction;27-11-2020 15:13:34;-1200;1;11
689;BuyTransaction;27-11-2020 15:13:34;-1200;1;11
690;BuyTransaction;27-11-2020 15:13:34;-1200;1;11
691;BuyTransaction;27-11-2020 15:13:34;-1200;1;11
692;BuyTransaction;27-11-2020 15:13:34;-1200;1;11
693;BuyTransaction;27-11-2020 15:13:34;-1200;1;11
694;BuyTransaction;27-11-2020 15:13:34;-1200;1;11
695;BuyTransaction;27-11-2020 15:13:34;-1200;1;11
696;BuyTransaction;27-11-2020 15:13:34;-1200;1;11
697;BuyTransaction;27-11-2020 15:13:34;-1200;1;11
698;BuyTransaction;27-11-2020 15:13:34;-1200;1;11
699;BuyTransaction;27-11-2020 15:13:34;-1200;1;11
700;BuyTransaction;27-11-2020 15:13:34;-1200;1;11
701;BuyTransaction;27-11-2020 15:13:34;-1200;1;11
702;BuyTransaction;27-11-2020 15:13:34;-1200;1;11
703;BuyTransaction;27-11-2020 15:13:34;-1200;1;11
704;BuyTransaction;27-11-2020 15:13:34;-1200;1;11
705;BuyTransaction;27-11-2020 15:13:34;-1200;1;11
706;BuyTransaction;27-11-2020 15:13:34;-1200;1;11
707;BuyTransaction;27-11-2020 15:13:34;-1200;1;11
708;BuyTransaction;27-11-2020 15:13:34;-1200;1;11
709;BuyTransaction;27-11-2020 15:13:34;-1200;1;11
710;BuyTransaction;27-11-2020 15:13:34;-1200;1;11
711;BuyTransaction;27-11-2020 15:13:34;-1200;1;11
712;BuyTransaction;27-11-2020 15:13:34;-1200;1;11
713;BuyTransaction;27-11-2020 15:13:34;-1200;1;11
714;BuyTransaction;27-11-2020 15:13:34;-1200;1;11
715;BuyTransaction;27-11-2020 15:13:34;-1200;1;11
716;BuyTransaction;27-11-2020 15:13:34;-1200;1;11
717;BuyTransaction;27-11-2020 15:13:34;-1200;1;11
718;BuyTransaction;27-11-2020 15:13:34;-1200;1;11
719;BuyTransaction;27-11-2020 15:13:34;-1200;1;11
720;BuyTransaction;27-11-2020 15:13:34;-1200;1;11
721;BuyTransaction;27-11-2020 15:13:34;-1200;1;11
722;BuyTransaction;27-11-2020 15:13:34;-1200;1;11
723;BuyTransaction;27-11-2020 15:13:34;-1200;1;11
724;BuyTransaction;27-11-2020 15:13:34;-1200;1;11
725;BuyTransaction;27-11-2020 15:13:34;-1200;1;11
726;BuyTransaction;27-11-2020 15:13:34;-1200;1;11
727;BuyTransaction;27-11-2020 15:13:34;-1200;1;11
728;BuyTransaction;27-11-2020 15:13:34;-1200;1;11
729;BuyTransaction;27-11-2020 15:13:34;-1200;1;11
730;BuyTransaction;27-11-2020 15:13:34;-1200;1;11
731;BuyTransaction;27-11-2020 15:13:34;-1200;1;11
732;BuyTransaction;27-11-2020 15:13:34;-1200;1;11
733;BuyTransaction;27-11-2020 15:13:34;-1200;1;11
734;BuyTransaction;27-11-2020 15:13:34;-1200;1;11
735;BuyTransaction;27-11-2020 15:13:34;-1200;1;11
736;BuyTransaction;27-11-2020 15:13:34;-1200;1;11
737;BuyTransaction;27-11-2020 15:13:34;-1200;1;11
738;BuyTransaction;27-11-2020 15:13:34;-1200;1;11
739;BuyTransaction;27-11-2020 15:13:34;-1200;1;11
740;BuyTransaction;27-11-2020 15:13:34;-1200;1;11
741;BuyTransaction;27-11-2020 15:13:34;-1200;1;11
742;BuyTransaction;27-11-2020 15:13:34;-1200;1;11
743;BuyTransaction;27-11-2020 15:13:34;-1200;1;11
744;BuyTransaction;27-11-2020 15:13:34;-1200;1;11
745;BuyTransaction;27-11-2020 15:13:34;-1200;1;11
746;BuyTransaction;27-11-2020 15:13:34;-1200;1;11
747;BuyTransaction;27-11-2020 15:13:34;-1200;1;11
748;BuyTransaction;27-11-2020 15:13:34;-1200;1;11
749;BuyTransaction;27-11-2020 15:13:34;-1200;1;11
750;BuyTransaction;27-11-2020 15:13:34;-1200;1;11
751;BuyTransaction;27-11-2020 15:13:34;-1200;1;11
752;BuyTransaction;27-11-2020 15:13:34;-1200;1;11
753;BuyTransaction;27-11-2020 15:13:34;-1200;1;11
754;BuyTransaction;27-11-2020 15:13:34;-1200;1;11
755;BuyTransaction;27-11-2020 15:13:34;-1200;1;11
756;BuyTransaction;27-11-2020 15:13:34;-1200;1;11
757;BuyTransaction;27-11-2020 15:13:34;-1200;1;11
758;BuyTransaction;27-11-2020 15:13:34;-1200;1;11
759;BuyTransaction;27-11-2020 15:13:34;-1200;1;11
760;BuyTransaction;27-11-2020 15:13:34;-1200;1;11
761;BuyTransaction;27-11-2020 15:13:34;-1200;1;11
762;BuyTransaction;27-11-2020 15:13:34;-1200;1;11
763;BuyTransaction;27-11-2020 15:13:34;-1200;1;11
764;BuyTransaction;27-11-2020 15:13:34;-1200;1;11
765;BuyTransaction;27-11-2020 15:13:34;-1200;1;11
766;BuyTransaction;27-11-2020 15:13:34;-1200;1;11
767;BuyTransaction;27-11-2020 15:13:34;-1200;1;11
768;BuyTransaction;27-11-2020 15:13:34;-1200;1;11
769;BuyTransaction;27-11-2020 15:13:34;-1200;1;11
770;BuyTransaction;27-11-2020 15:13:34;-1200;1;11
771;BuyTransaction;27-11-2020 15:13:34;-1200;1;11
772;BuyTransaction;27-11-2020 15:13:34;-1200;1;11
773;BuyTransaction;27-11-2020 15:13:34;-1200;1;11
774;BuyTransaction;27-11-2020 15:13:34;-1200;1;11
775;BuyTransaction;27-11-2020 15:13:34;-1200;1;11
776;BuyTransaction;27-11-2020 15:13:34;-1200;1;11
777;BuyTransaction;27-11-2020 15:13:34;-1200;1;11
778;BuyTransaction;27-11-2020 15:13:34;-1200;1;11
779;BuyTransaction;27-11-2020 15:13:34;-1200;1;11
780;BuyTransaction;27-11-2020 15:13:34;-1200;1;11
781;BuyTransaction;27-11-2020 15:13:34;-1200;1;11
782;BuyTransaction;27-11-2020 15:13:34;-1200;1;11
783;BuyTransaction;27-11-2020 15:13:34;-1200;1;11
784;BuyTransaction;27-11-2020 15:13:34;-1200;1;11
785;BuyTransaction;27-11-2020 15:13:34;-1200;1;11
786;BuyTransaction;27-11-2020 15:13:34;-1200;1;11
787;BuyTransaction;27-11-2020 15:13:34;-1200;1;11
788;BuyTransaction;27-11-2020 15:13:34;-1200;1;11
789;BuyTransaction;27-11-2020 15:13:34;-1200;1;11
790;BuyTransaction;27-11-2020 15:13:34;-1200;1;11
791;BuyTransaction;27-11-2020 15:13:34;-1200;1;11
792;BuyTransaction;27-11-2020 15:13:34;-1200;1;11
793;BuyTransaction;27-11-2020 15:13:34;-1200;1;11
794;BuyTransaction;27-11-2020 15:13:34;-1200;1;11
795;BuyTransaction;27-11-2020 15:13:34;-1200;1;11
796;BuyTransaction;27-11-2020 15:13:34;-1200;1;11
797;BuyTransaction;27-11-2020 15:13:34;-1200;1;11
798;BuyTransaction;27-11-2020 15:13:34;-1200;1;11
799;BuyTransaction;27-11-2020 15:13:34;-1200;1;11
800;BuyTransaction;27-11-2020 15:13:34;-1200;1;11
801;BuyTransaction;27-11-2020 15:13:34;-1200;1;11
802;BuyTransaction;27-11-2020 15:13:34;-1200;1;11
803;BuyTransaction;27-11-2020 15:13:34;-1200;1;11
804;BuyTransaction;27-11-2020 15:13:34;-1200;1;11
805;BuyTransaction;27-11-2020 15:13:34;-1200;1;11
806;BuyTransaction;27-11-2020 15:13:34;-1200;1;11
807;BuyTransaction;27-11-2020 15:13:34;-1200;1;11
808;BuyTransaction;27-11-2020 15:13:34;-1200;1;11
809;BuyTransaction;27-11-2020 15:13:34;-1200;1;11
810;BuyTransaction;27-11-2020 15:13:34;-1200;1;11
811;BuyTransaction;27-11-2020 15:13:34;-1200;1;11
812;BuyTransaction;27-11-2020 15:13:34;-1200;1;11
813;BuyTransaction;27-11-2020 15:13:34;-1200;1;11
814;BuyTransaction;27-11-2020 15:13:34;-1200;1;11
815;BuyTransaction;27-11-2020 15:13:34;-1200;1;11
816;BuyTransaction;27-11-2020 15:13:34;-1200;1;11
817;BuyTransaction;27-11-2020 15:13:34;-1200;1;11
818;BuyTransaction;27-11-2020 15:13:34;-1200;1;11
819;BuyTransaction;27-11-2020 15:13:34;-1200;1;11
820;BuyTransaction;27-11-2020 15:13:34;-1200;1;11
821;BuyTransaction;27-11-2020 15:13:34;-1200;1;11
822;BuyTransaction;27-11-2020 15:13:34;-1200;1;11
823;BuyTransaction;27-11-2020 15:13:34;-1200;1;11
824;BuyTransaction;27-11-2020 15:13:34;-1200;1;11
825;BuyTransaction;27-11-2020 15:13:34;-1200;1;11
826;BuyTransaction;27-11-2020 15:13:34;-1200;1;11
827;BuyTransaction;27-11-2020 15:13:34;-1200;1;11
828;BuyTransaction;27-11-2020 15:13:34;-1200;1;11
829;BuyTransaction;27-11-2020 15:13:34;-1200;1;11
830;BuyTransaction;27-11-2020 15:13:34;-1200;1;11
831;BuyTransaction;27-11-2020 15:13:34;-1200;1;11
832;BuyTransaction;27-11-2020 15:13:34;-1200;1;11
833;BuyTransaction;27-11-2020 15:13:34;-1200;1;11
834;BuyTransaction;27-11-2020 15:13:34;-1200;1;11
835;BuyTransaction;27-11-2020 15:13:34;-1200;1;11
836;BuyTransaction;27-11-2020 15:13:34;-1200;1;11
837;BuyTransaction;27-11-2020 15:13:34;-1200;1;11
838;BuyTransaction;27-11-2020 15:13:34;-1200;1;11
839;BuyTransaction;27-11-2020 15:13:34;-1200;1;11
840;BuyTransaction;27-11-2020 15:13:34;-1200;1;11
841;BuyTransaction;27-11-2020 15:13:34;-1200;1;11
842;BuyTransaction;27-11-2020 15:13:34;-1200;1;11
843;BuyTransaction;27-11-2020 15:13:34;-1200;1;11
844;BuyTransaction;27-11-2020 15:13:34;-1200;1;11
845;BuyTransaction;27-11-2020 15:13:34;-1200;1;11
846;BuyTransaction;27-11-2020 15:13:34;-1200;1;11
847;BuyTransaction;27-11-2020 15:13:34;-1200;1;11
848;BuyTransaction;27-11-2020 15:13:34;-1200;1;11
849;BuyTransaction;27-11-2020 15:13:34;-1200;1;11
850;BuyTransaction;27-11-2020 15:13:34;-1200;1;11
851;BuyTransaction;27-11-2020 15:13:34;-1200;1;11
852;BuyTransaction;27-11-2020 15:13:34;-1200;1;11
853;BuyTransaction;27-11-2020 15:13:34;-1200;1;11
854;BuyTransaction;27-11-2020 15:13:34;-1200;1;11
855;BuyTransaction;27-11-2020 15:13:34;-1200;1;11
856;BuyTransaction;27-11-2020 15:13:34;-1200;1;11
857;BuyTransaction;27-11-2020 15:13:34;-1200;1;11
858;BuyTransaction;27-11-2020 15:13:34;-1200;1;11
859;BuyTransaction;27-11-2020 15:13:34;-1200;1;11
860;BuyTransaction;27-11-2020 15:13:34;-1200;1;11
861;BuyTransaction;27-11-2020 15:13:34;-1200;1;11
862;BuyTransaction;27-11-2020 15:13:34;-1200;1;11
863;BuyTransaction;27-11-2020 15:13:34;-1200;1;11
864;BuyTransaction;27-11-2020 15:13:34;-1200;1;11
865;BuyTransaction;27-11-2020 15:13:34;-1200;1;11
866;BuyTransaction;27-11-2020 15:13:34;-1200;1;11
867;BuyTransaction;27-11-2020 15:13:34;-1200;1;11
868;BuyTransaction;27-11-2020 15:13:34;-1200;1;11
869;BuyTransaction;27-11-2020 15:13:34;-1200;1;11
870;BuyTransaction;27-11-2020 15:13:34;-1200;1;11
871;BuyTransaction;27-11-2020 15:13:34;-1200;1;11
872;BuyTransaction;27-11-2020 15:13:34;-1200;1;11
873;BuyTransaction;27-11-2020 15:13:34;-1200;1;11
874;BuyTransaction;27-11-2020 15:13:34;-1200;1;11
875;BuyTransaction;27-11-2020 15:13:34;-1200;1;11
876;BuyTransaction;27-11-2020 15:13:34;-1200;1;11
877;BuyTransaction;27-11-2020 15:13:34;-1200;1;11
878;BuyTransaction;27-11-2020 15:13:34;-1200;1;11
879;BuyTransaction;27-11-2020 15:13:34;-1200;1;11
880;BuyTransaction;27-11-2020 15:13:34;-1200;1;11
881;BuyTransaction;27-11-2020 15:13:34;-1200;1;11
882;BuyTransaction;27-11-2020 15:13:34;-1200;1;11
883;BuyTransaction;27-11-2020 15:13:34;-1200;1;11
884;BuyTransaction;27-11-2020 15:13:34;-1200;1;11
885;BuyTransaction;27-11-2020 15:13:34;-1200;1;11
886;BuyTransaction;27-11-2020 15:13:34;-1200;1;11
887;BuyTransaction;27-11-2020 15:13:34;-1200;1;11
888;BuyTransaction;27-11-2020 15:13:34;-1200;1;11
889;BuyTransaction;27-11-2020 15:13:34;-1200;1;11
890;BuyTransaction;27-11-2020 15:13:34;-1200;1;11
891;BuyTransaction;27-11-2020 15:13:34;-1200;1;11
892;BuyTransaction;27-11-2020 15:13:34;-1200;1;11
893;BuyTransaction;27-11-2020 15:13:34;-1200;1;11
894;BuyTransaction;27-11-2020 15:13:34;-1200;1;11
895;BuyTransaction;27-11-2020 15:13:34;-1200;1;11
896;BuyTransaction;27-11-2020 15:13:34;-1200;1;11
897;BuyTransaction;27-11-2020 15:13:34;-1200;1;11
898;BuyTransaction;27-11-2020 15:13:34;-1200;1;11
899;BuyTransaction;27-11-2020 15:13:34;-1200;1;11
900;BuyTransaction;27-11-2020 15:13:34;-1200;1;11
901;BuyTransaction;27-11-2020 15:13:34;-1200;1;11
902;BuyTransaction;27-11-2020 15:13:34;-1200;1;11
903;BuyTransaction;27-11-2020 15:13:34;-1200;1;11
904;BuyTransaction;27-11-2020 15:13:34;-1200;1;11
905;BuyTransaction;27-11-2020 15:13:34;-1200;1;11
906;BuyTransaction;27-11-2020 15:13:34;-1200;1;11
907;BuyTransaction;27-11-2020 15:13:34;-1200;1;11
908;BuyTransaction;27-11-2020 15:13:34;-1200;1;11
909;BuyTransaction;27-11-2020 15:13:34;-1200;1;11
910;BuyTransaction;27-11-2020 15:13:34;-1200;1;11
911;BuyTransaction;27-11-2020 15:13:34;-1200;1;11
912;BuyTransaction;27-11-2020 15:13:34;-1200;1;11
913;BuyTransaction;27-11-2020 15:13:34;-1200;1;11
914;BuyTransaction;27-11-2020 15:13:34;-1200;1;11
915;BuyTransaction;27-11-2020 15:13:34;-1200;1;11
916;BuyTransaction;27-11-2020 15:13:34;-1200;1;11
917;BuyTransaction;27-11-2020 15:13:34;-1200;1;11
918;BuyTransaction;27-11-2020 15:13:34;-1200;1;11
919;BuyTransaction;27-11-2020 15:13:34;-1200;1;11
920;BuyTransaction;27-11-2020 15:13:34;-1200;1;11
921;BuyTransaction;27-11-2020 15:13:34;-1200;1;11
922;BuyTransaction;27-11-2020 15:13:34;-1200;1;11
923;BuyTransaction;27-11-2020 15:13:34;-1200;1;11
924;BuyTransaction;27-11-2020 15:13:34;-1200;1;11
925;BuyTransaction;27-11-2020 15:13:34;-1200;1;11
926;BuyTransaction;27-11-2020 15:13:34;-1200;1;11
927;BuyTransaction;27-11-2020 15:13:34;-1200;1;11
928;BuyTransaction;27-11-2020 15:13:34;-1200;1;11
929;BuyTransaction;27-11-2020 15:13:34;-1200;1;11
930;BuyTransaction;27-11-2020 15:13:34;-1200;1;11
931;BuyTransaction;27-11-2020 15:13:34;-1200;1;11
932;BuyTransaction;27-11-2020 15:13:34;-1200;1;11
933;BuyTransaction;27-11-2020 15:13:34;-1200;1;11
934;BuyTransaction;27-11-2020 15:13:34;-1200;1;11
935;BuyTransaction;27-11-2020 15:13:34;-1200;1;11
936;BuyTransaction;27-11-2020 15:13:34;-1200;1;11
937;BuyTransaction;27-11-2020 15:13:34;-1200;1;11
938;BuyTransaction;27-11-2020 15:13:34;-1200;1;11
939;BuyTransaction;27-11-2020 15:13:34;-1200;1;11
940;BuyTransaction;27-11-2020 15:13:34;-1200;1;11
941;BuyTransaction;27-11-2020 15:13:34;-1200;1;11
942;BuyTransaction;27-11-2020 15:13:34;-1200;1;11
943;BuyTransaction;27-11-2020 15:13:34;-1200;1;11
944;BuyTransaction;27-11-2020 15:13:34;-1200;1;11
945;BuyTransaction;27-11-2020 15:13:34;-1200;1;11
946;BuyTransaction;27-11-2020 15:13:34;-1200;1;11
947;BuyTransaction;27-11-2020 15:13:34;-1200;1;11
948;BuyTransaction;27-11-2020 15:13:34;-1200;1;11
949;BuyTransaction;27-11-2020 15:13:34;-1200;1;11
950;BuyTransaction;27-11-2020 15:13:34;-1200;1;11
951;BuyTransaction;27-11-2020 15:13:34;-1200;1;11
952;BuyTransaction;27-11-2020 15:13:34;-1200;1;11
953;BuyTransaction;27-11-2020 15:13:34;-1200;1;11
954;BuyTransaction;27-11-2020 15:13:34;-1200;1;11
955;BuyTransaction;27-11-2020 15:13:34;-1200;1;11
956;BuyTransaction;27-11-2020 15:13:34;-1200;1;11
957;BuyTransaction;27-11-2020 15:13:34;-1200;1;11
958;BuyTransaction;27-11-2020 15:13:34;-1200;1;11
959;BuyTransaction;27-11-2020 15:13:34;-1200;1;11
960;BuyTransaction;27-11-2020 15:13:34;-1200;1;11
961;BuyTransaction;27-11-2020 15:13:34;-1200;1;11
962;BuyTransaction;27-11-2020 15:13:34;-1200;1;11
963;BuyTransaction;27-11-2020 15:13:34;-1200;1;11
964;BuyTransaction;27-11-2020 15:13:34;-1200;1;11
965;BuyTransaction;27-11-2020 15:13:34;-1200;1;11
966;BuyTransaction;27-11-2020 15:13:34;-1200;1;11
967;BuyTransaction;27-11-2020 15:13:34;-1200;1;11
968;BuyTransaction;27-11-2020 15:13:34;-1200;1;11
969;BuyTransaction;27-11-2020 15:13:34;-1200;1;11
970;BuyTransaction;27-11-2020 15:13:34;-1200;1;11
971;BuyTransaction;27-11-2020 15:13:34;-1200;1;11
972;BuyTransaction;27-11-2020 15:13:34;-1200;1;11
973;BuyTransaction;27-11-2020 15:13:34;-1200;1;11
974;BuyTransaction;27-11-2020 15:13:34;-1200;1;11
975;BuyTransaction;27-11-2020 15:13:34;-1200;1;11
976;BuyTransaction;27-11-2020 15:13:34;-1200;1;11
977;BuyTransaction;27-11-2020 15:13:34;-1200;1;11
978;BuyTransaction;27-11-2020 15:13:34;-1200;1;11
979;BuyTransaction;27-11-2020 15:13:34;-1200;1;11
980;BuyTransaction;27-11-2020 15:13:34;-1200;1;11
981;BuyTransaction;27-11-2020 15:13:34;-1200;1;11
982;BuyTransaction;27-11-2020 15:13:34;-1200;1;11
983;BuyTransaction;27-11-2020 15:13:34;-1200;1;11
984;BuyTransaction;27-11-2020 15:13:34;-1200;1;11
985;BuyTransaction;27-11-2020 15:13:34;-1200;1;11
986;BuyTransaction;27-11-2020 15:13:34;-1200;1;11
987;BuyTransaction;27-11-2020 15:13:34;-1200;1;11
988;BuyTransaction;27-11-2020 15:13:34;-1200;1;11
989;BuyTransaction;27-11-2020 15:13:34;-1200;1;11
990;BuyTransaction;27-11-2020 15:13:34;-1200;1;11
991;BuyTransaction;27-11-2020 15:13:34;-1200;1;11
992;BuyTransaction;27-11-2020 15:13:34;-1200;1;11
993;BuyTransaction;27-11-2020 15:13:34;-1200;1;11
994;BuyTransaction;27-11-2020 15:13:34;-1200;1;11
995;BuyTransaction;27-11-2020 15:13:34;-1200;1;11
996;BuyTransaction;27-11-2020 15:13:34;-1200;1;11
997;BuyTransaction;27-11-2020 15:13:34;-1200;1;11
998;BuyTransaction;27-11-2020 15:13:34;-1200;1;11
999;BuyTransaction;27-11-2020 15:13:34;-1200;1;11
1000;BuyTransaction;27-11-2020 15:13:34;-1200;1;11
1001;BuyTransaction;27-11-2020 15:13:34;-1200;1;11
1002;BuyTransaction;27-11-2020 15:13:34;-1200;1;11
1003;InsertCashTransaction;29-11-2020 16:11:25;2000000;1;
1004;BuyTransaction;29-11-2020 16:11:51;-1200;1;11
1005;BuyTransaction;29-11-2020 16:11:51;-1200;1;11
1006;BuyTransaction;29-11-2020 16:11:51;-1200;1;11
1007;BuyTransaction;29-11-2020 16:11:51;-1200;1;11
1008;BuyTransaction;29-11-2020 16:11:51;-1200;1;11
1009;BuyTransaction;29-11-2020 16:11:51;-1200;1;11
1010;BuyTransaction;29-11-2020 16:11:51;-1200;1;11
1011;BuyTransaction;29-11-2020 16:11:51;-1200;1;11
1012;BuyTransaction;29-11-2020 16:11:51;-1200;1;11
1013;BuyTransaction;29-11-2020 16:11:51;-1200;1;11
1014;BuyTransaction;29-11-2020 16:11:51;-1200;1;11
1015;BuyTransaction;29-11-2020 16:11:51;-1200;1;11
1016;BuyTransaction;29-11-2020 16:11:51;-1200;1;11
1017;BuyTransaction;29-11-2020 16:11:51;-1200;1;11
1018;BuyTransaction;29-11-2020 16:11:51;-1200;1;11
1019;BuyTransaction;29-11-2020 16:11:51;-1200;1;11
1020;BuyTransaction;29-11-2020 16:11:51;-1200;1;11
1021;BuyTransaction;29-11-2020 16:11:51;-1200;1;11
1022;BuyTransaction;29-11-2020 16:11:51;-1200;1;11
1023;BuyTransaction;29-11-2020 16:11:51;-1200;1;11
1024;BuyTransaction;29-11-2020 16:11:51;-1200;1;11
1025;BuyTransaction;29-11-2020 16:11:51;-1200;1;11
1026;BuyTransaction;29-11-2020 16:11:51;-1200;1;11
1027;BuyTransaction;29-11-2020 16:11:51;-1200;1;11
1028;BuyTransaction;29-11-2020 16:11:51;-1200;1;11
1029;BuyTransaction;29-11-2020 16:11:51;-1200;1;11
1030;BuyTransaction;29-11-2020 16:11:51;-1200;1;11
1031;BuyTransaction;29-11-2020 16:11:51;-1200;1;11
1032;BuyTransaction;29-11-2020 16:11:51;-1200;1;11
1033;BuyTransaction;29-11-2020 16:11:51;-1200;1;11
1034;BuyTransaction;29-11-2020 16:11:51;-1200;1;11
1035;BuyTransaction;29-11-2020 16:11:51;-1200;1;11
1036;BuyTransaction;29-11-2020 16:11:51;-1200;1;11
1037;BuyTransaction;29-11-2020 16:11:51;-1200;1;11
1038;BuyTransaction;29-11-2020 16:11:51;-1200;1;11
1039;BuyTransaction;29-11-2020 16:11:51;-1200;1;11
1040;BuyTransaction;29-11-2020 16:11:51;-1200;1;11
1041;BuyTransaction;29-11-2020 16:11:51;-1200;1;11
1042;BuyTransaction;29-11-2020 16:11:51;-1200;1;11
1043;BuyTransaction;29-11-2020 16:11:51;-1200;1;11
1044;BuyTransaction;29-11-2020 16:11:51;-1200;1;11
1045;BuyTransaction;29-11-2020 16:11:51;-1200;1;11
1046;BuyTransaction;29-11-2020 16:11:51;-1200;1;11
1047;BuyTransaction;29-11-2020 16:11:51;-1200;1;11
1048;BuyTransaction;29-11-2020 16:11:51;-1200;1;11
1049;BuyTransaction;29-11-2020 16:11:51;-1200;1;11
1050;BuyTransaction;29-11-2020 16:11:51;-1200;1;11
1051;BuyTransaction;29-11-2020 16:11:51;-1200;1;11
1052;BuyTransaction;29-11-2020 16:11:51;-1200;1;11
1053;BuyTransaction;29-11-2020 16:11:51;-1200;1;11
1054;BuyTransaction;29-11-2020 16:11:51;-1200;1;11
1055;BuyTransaction;29-11-2020 16:11:51;-1200;1;11
1056;BuyTransaction;29-11-2020 16:11:51;-1200;1;11
1057;BuyTransaction;29-11-2020 16:11:51;-1200;1;11
1058;BuyTransaction;29-11-2020 16:11:51;-1200;1;11
1059;BuyTransaction;29-11-2020 16:11:51;-1200;1;11
1060;BuyTransaction;29-11-2020 16:11:51;-1200;1;11
1061;BuyTransaction;29-11-2020 16:11:51;-1200;1;11
1062;BuyTransaction;29-11-2020 16:11:51;-1200;1;11
1063;BuyTransaction;29-11-2020 16:11:51;-1200;1;11
1064;BuyTransaction;29-11-2020 16:11:51;-1200;1;11
1065;BuyTransaction;29-11-2020 16:11:51;-1200;1;11
1066;BuyTransaction;29-11-2020 16:11:51;-1200;1;11
1067;BuyTransaction;29-11-2020 16:11:51;-1200;1;11
1068;BuyTransaction;29-11-2020 16:11:51;-1200;1;11
1069;BuyTransaction;29-11-2020 16:11:51;-1200;1;11
1070;BuyTransaction;29-11-2020 16:11:51;-1200;1;11
1071;BuyTransaction;29-11-2020 16:11:51;-1200;1;11
1072;BuyTransaction;29-11-2020 16:11:51;-1200;1;11
1073;BuyTransaction;29-11-2020 16:11:51;-1200;1;11
1074;BuyTransaction;29-11-2020 16:11:51;-1200;1;11
1075;BuyTransaction;29-11-2020 16:11:51;-1200;1;11
1076;BuyTransaction;29-11-2020 16:11:51;-1200;1;11
1077;BuyTransaction;29-11-2020 16:11:51;-1200;1;11
1078;BuyTransaction;29-11-2020 16:11:51;-1200;1;11
1079;BuyTransaction;29-11-2020 16:11:51;-1200;1;11
1080;BuyTransaction;29-11-2020 16:11:51;-1200;1;11
1081;BuyTransaction;29-11-2020 16:11:51;-1200;1;11
1082;BuyTransaction;29-11-2020 16:11:51;-1200;1;11
1083;BuyTransaction;29-11-2020 16:11:51;-1200;1;11
1084;BuyTransaction;29-11-2020 16:11:51;-1200;1;11
1085;BuyTransaction;29-11-2020 16:11:51;-1200;1;11
1086;BuyTransaction;29-11-2020 16:11:51;-1200;1;11
1087;BuyTransaction;29-11-2020 16:11:51;-1200;1;11
1088;BuyTransaction;29-11-2020 16:11:51;-1200;1;11
1089;BuyTransaction;29-11-2020 16:11:51;-1200;1;11
1090;BuyTransaction;29-11-2020 16:11:51;-1200;1;11
1091;BuyTransaction;29-11-2020 16:11:51;-1200;1;11
1092;BuyTransaction;29-11-2020 16:11:51;-1200;1;11
1093;BuyTransaction;29-11-2020 16:11:51;-1200;1;11
1094;BuyTransaction;29-11-2020 16:11:51;-1200;1;11
1095;BuyTransaction;29-11-2020 16:11:51;-1200;1;11
1096;BuyTransaction;29-11-2020 16:11:51;-1200;1;11
1097;BuyTransaction;29-11-2020 16:11:51;-1200;1;11
1098;BuyTransaction;29-11-2020 16:11:51;-1200;1;11
1099;BuyTransaction;29-11-2020 16:11:51;-1200;1;11
1100;BuyTransaction;29-11-2020 16:11:51;-1200;1;11
1101;BuyTransaction;29-11-2020 16:11:51;-1200;1;11
1102;BuyTransaction;29-11-2020 16:11:51;-1200;1;11
1103;BuyTransaction;29-11-2020 16:11:51;-1200;1;11
1104;BuyTransaction;29-11-2020 16:12:14;-650;1;29
1105;BuyTransaction;29-11-2020 16:12:14;-650;1;29
1106;BuyTransaction;29-11-2020 16:12:14;-650;1;29
1107;BuyTransaction;29-11-2020 16:13:13;-4500;1;1778
1108;BuyTransaction;29-11-2020 16:13:13;-4500;1;1778
1109;BuyTransaction;29-11-2020 16:13:13;-4500;1;1778
1110;BuyTransaction;29-11-2020 16:13:13;-4500;1;1778
1111;BuyTransaction;29-11-2020 16:13:13;-4500;1;1778
1112;BuyTransaction;29-11-2020 16:13:13;-4500;1;1778
1113;BuyTransaction;29-11-2020 16:13:13;-4500;1;1778
1114;BuyTransaction;29-11-2020 16:13:13;-4500;1;1778
1115;BuyTransaction;29-11-2020 16:13:13;-4500;1;1778
1116;BuyTransaction;29-11-2020 16:13:13;-4500;1;1778
1117;BuyTransaction;29-11-2020 16:13:13;-4500;1;1778
1118;BuyTransaction;29-11-2020 16:13:13;-4500;1;1778
1119;BuyTransaction;29-11-2020 16:13:13;-4500;1;1778
1120;BuyTransaction;29-11-2020 16:13:13;-4500;1;1778
1121;BuyTransaction;29-11-2020 16:13:13;-4500;1;1778
1122;BuyTransaction;29-11-2020 16:13:13;-4500;1;1778
1123;BuyTransaction;29-11-2020 16:13:13;-4500;1;1778
1124;BuyTransaction;29-11-2020 16:13:13;-4500;1;1778
1125;BuyTransaction;29-11-2020 16:13:13;-4500;1;1778
1126;BuyTransaction;29-11-2020 16:13:13;-4500;1;1778
1127;BuyTransaction;29-11-2020 16:13:13;-4500;1;1778
1128;BuyTransaction;29-11-2020 16:13:13;-4500;1;1778
1129;BuyTransaction;29-11-2020 16:13:13;-4500;1;1778
1130;BuyTransaction;29-11-2020 16:13:13;-4500;1;1778
1131;BuyTransaction;29-11-2020 16:13:13;-4500;1;1778
1132;BuyTransaction;29-11-2020 16:13:13;-4500;1;1778
1133;BuyTransaction;29-11-2020 16:13:13;-4500;1;1778
1134;BuyTransaction;29-11-2020 16:13:13;-4500;1;1778
1135;BuyTransaction;29-11-2020 16:13:13;-4500;1;1778
1136;BuyTransaction;29-11-2020 16:13:13;-4500;1;1778
1137;BuyTransaction;29-11-2020 16:13:13;-4500;1;1778
1138;BuyTransaction;29-11-2020 16:13:13;-4500;1;1778
1139;BuyTransaction;29-11-2020 16:13:13;-4500;1;1778
1140;BuyTransaction;29-11-2020 16:13:13;-4500;1;1778
1141;BuyTransaction;29-11-2020 16:13:13;-4500;1;1778
1142;BuyTransaction;29-11-2020 16:13:13;-4500;1;1778
1143;BuyTransaction;29-11-2020 16:13:13;-4500;1;1778
1144;BuyTransaction;29-11-2020 16:13:13;-4500;1;1778
1145;BuyTransaction;29-11-2020 16:13:13;-4500;1;1778
1146;BuyTransaction;29-11-2020 16:13:13;-4500;1;1778
1147;BuyTransaction;29-11-2020 16:13:13;-4500;1;1778
1148;BuyTransaction;29-11-2020 16:13:13;-4500;1;1778
1149;BuyTransaction;29-11-2020 16:13:13;-4500;1;1778
1150;BuyTransaction;29-11-2020 16:13:13;-4500;1;1778
1151;BuyTransaction;29-11-2020 16:13:13;-4500;1;1778
1152;BuyTransaction;29-11-2020 16:13:13;-4500;1;1778
1153;BuyTransaction;29-11-2020 16:13:13;-4500;1;1778
1154;BuyTransaction;29-11-2020 16:13:13;-4500;1;1778
1155;BuyTransaction;29-11-2020 16:13:13;-4500;1;1778
1156;BuyTransaction;29-11-2020 16:13:13;-4500;1;1778
1157;BuyTransaction;29-11-2020 16:13:13;-4500;1;1778
1158;BuyTransaction;29-11-2020 16:13:13;-4500;1;1778
1159;BuyTransaction;29-11-2020 16:13:13;-4500;1;1778
1160;BuyTransaction;29-11-2020 16:13:13;-4500;1;1778
1161;BuyTransaction;29-11-2020 16:13:13;-4500;1;1778
1162;BuyTransaction;29-11-2020 16:13:13;-4500;1;1778
1163;BuyTransaction;29-11-2020 16:13:13;-4500;1;1778
1164;BuyTransaction;29-11-2020 16:13:13;-4500;1;1778
1165;BuyTransaction;29-11-2020 16:13:13;-4500;1;1778
1166;BuyTransaction;29-11-2020 16:13:13;-4500;1;1778
1167;BuyTransaction;29-11-2020 16:13:13;-4500;1;1778
1168;BuyTransaction;29-11-2020 16:13:13;-4500;1;1778
1169;BuyTransaction;29-11-2020 16:13:13;-4500;1;1778
1170;BuyTransaction;29-11-2020 16:13:13;-4500;1;1778
1171;BuyTransaction;29-11-2020 16:13:13;-4500;1;1778
1172;BuyTransaction;29-11-2020 16:13:13;-4500;1;1778
1173;BuyTransaction;29-11-2020 16:13:13;-4500;1;1778
1174;BuyTransaction;29-11-2020 16:13:13;-4500;1;1778
1175;BuyTransaction;29-11-2020 16:13:13;-4500;1;1778
1176;BuyTransaction;29-11-2020 16:13:13;-4500;1;1778
1177;BuyTransaction;29-11-2020 16:13:13;-4500;1;1778
1178;BuyTransaction;29-11-2020 16:13:13;-4500;1;1778
1179;BuyTransaction;29-11-2020 16:13:13;-4500;1;1778
1180;BuyTransaction;29-11-2020 16:13:13;-4500;1;1778
1181;BuyTransaction;29-11-2020 16:13:13;-4500;1;1778
1182;BuyTransaction;29-11-2020 16:13:13;-4500;1;1778
1183;BuyTransaction;29-11-2020 16:13:13;-4500;1;1778
1184;BuyTransaction;29-11-2020 16:13:13;-4500;1;1778
1185;BuyTransaction;29-11-2020 16:13:13;-4500;1;1778
1186;BuyTransaction;29-11-2020 16:13:13;-4500;1;1778
1187;BuyTransaction;29-11-2020 16:13:13;-4500;1;1778
1188;BuyTransaction;29-11-2020 16:13:13;-4500;1;1778
1189;BuyTransaction;29-11-2020 16:13:13;-4500;1;1778
1190;BuyTransaction;29-11-2020 16:13:13;-4500;1;1778
1191;BuyTransaction;29-11-2020 16:13:13;-4500;1;1778
1192;BuyTransaction;29-11-2020 16:13:13;-4500;1;1778
1193;BuyTransaction;29-11-2020 16:13:13;-4500;1;1778
1194;BuyTransaction;29-11-2020 16:13:13;-4500;1;1778
1195;BuyTransaction;29-11-2020 16:13:13;-4500;1;1778
1196;BuyTransaction;29-11-2020 16:13:13;-4500;1;1778
1197;BuyTransaction;29-11-2020 16:13:13;-4500;1;1778
1198;BuyTransaction;29-11-2020 16:13:13;-4500;1;1778
1199;BuyTransaction;29-11-2020 16:13:13;-4500;1;1778
1200;BuyTransaction;29-11-2020 16:13:13;-4500;1;1778
1201;BuyTransaction;29-11-2020 16:13:13;-4500;1;1778
1202;BuyTransaction;29-11-2020 16:13:13;-4500;1;1778
1203;BuyTransaction;29-11-2020 16:13:13;-4500;1;1778
1204;BuyTransaction;29-11-2020 16:13:13;-4500;1;1778
1205;BuyTransaction;29-11-2020 16:13:13;-4500;1;1778
1206;BuyTransaction;29-11-2020 16:13:13;-4500;1;1778
1207;BuyTransaction;29-11-2020 16:13:13;-4500;1;1778
1208;BuyTransaction;29-11-2020 16:13:13;-4500;1;1778
1209;BuyTransaction;29-11-2020 16:13:13;-4500;1;1778
1210;BuyTransaction;29-11-2020 16:13:13;-4500;1;1778
1211;BuyTransaction;29-11-2020 16:13:13;-4500;1;1778
1212;BuyTransaction;29-11-2020 16:13:13;-4500;1;1778
1213;BuyTransaction;29-11-2020 16:13:13;-4500;1;1778
1214;BuyTransaction;29-11-2020 16:13:13;-4500;1;1778
1215;BuyTransaction;29-11-2020 16:13:13;-4500;1;1778
1216;BuyTransaction;29-11-2020 16:13:13;-4500;1;1778
1217;BuyTransaction;29-11-2020 16:13:13;-4500;1;1778
1218;BuyTransaction;29-11-2020 16:13:13;-4500;1;1778
1219;BuyTransaction;29-11-2020 16:13:13;-4500;1;1778
1220;BuyTransaction;29-11-2020 16:13:13;-4500;1;1778
1221;BuyTransaction;29-11-2020 16:13:13;-4500;1;1778
1222;BuyTransaction;29-11-2020 16:13:13;-4500;1;1778
1223;BuyTransaction;29-11-2020 16:13:13;-4500;1;1778
1224;BuyTransaction;29-11-2020 16:13:13;-4500;1;1778
1225;BuyTransaction;29-11-2020 16:13:13;-4500;1;1778
1226;BuyTransaction;29-11-2020 16:13:13;-4500;1;1778
1227;BuyTransaction;29-11-2020 16:13:13;-4500;1;1778
1228;BuyTransaction;29-11-2020 16:13:13;-4500;1;1778
1229;BuyTransaction;29-11-2020 16:13:13;-4500;1;1778
1230;BuyTransaction;29-11-2020 16:13:13;-4500;1;1778
1231;BuyTransaction;29-11-2020 16:13:13;-4500;1;1778
1232;BuyTransaction;29-11-2020 16:13:13;-4500;1;1778
1233;BuyTransaction;29-11-2020 16:13:13;-4500;1;1778
1234;BuyTransaction;29-11-2020 16:13:13;-4500;1;1778
1235;BuyTransaction;29-11-2020 16:13:13;-4500;1;1778
1236;BuyTransaction;29-11-2020 16:13:13;-4500;1;1778
1237;BuyTransaction;29-11-2020 16:13:13;-4500;1;1778
1238;BuyTransaction;29-11-2020 16:13:13;-4500;1;1778
1239;BuyTransaction;29-11-2020 16:13:13;-4500;1;1778
1240;BuyTransaction;29-11-2020 16:13:13;-4500;1;1778
1241;BuyTransaction;29-11-2020 16:13:13;-4500;1;1778
1242;BuyTransaction;29-11-2020 16:13:13;-4500;1;1778
1243;BuyTransaction;29-11-2020 16:13:13;-4500;1;1778
1244;BuyTransaction;29-11-2020 16:13:13;-4500;1;1778
1245;BuyTransaction;29-11-2020 16:13:13;-4500;1;1778
1246;BuyTransaction;29-11-2020 16:13:13;-4500;1;1778
1247;BuyTransaction;29-11-2020 16:13:13;-4500;1;1778
1248;BuyTransaction;29-11-2020 16:13:13;-4500;1;1778
1249;BuyTransaction;29-11-2020 16:13:13;-4500;1;1778
1250;BuyTransaction;29-11-2020 16:13:13;-4500;1;1778
1251;BuyTransaction;29-11-2020 16:13:13;-4500;1;1778
1252;BuyTransaction;29-11-2020 16:13:13;-4500;1;1778
1253;BuyTransaction;29-11-2020 16:13:13;-4500;1;1778
1254;BuyTransaction;29-11-2020 16:13:13;-4500;1;1778
1255;BuyTransaction;29-11-2020 16:13:13;-4500;1;1778
1256;BuyTransaction;29-11-2020 16:13:13;-4500;1;1778
1257;BuyTransaction;29-11-2020 16:13:13;-4500;1;1778
1258;BuyTransaction;29-11-2020 16:13:13;-4500;1;1778
1259;BuyTransaction;29-11-2020 16:13:13;-4500;1;1778
1260;BuyTransaction;29-11-2020 16:13:13;-4500;1;1778
1261;BuyTransaction;29-11-2020 16:13:13;-4500;1;1778
1262;BuyTransaction;29-11-2020 16:13:13;-4500;1;1778
1263;BuyTransaction;29-11-2020 16:13:13;-4500;1;1778
1264;BuyTransaction;29-11-2020 16:13:13;-4500;1;1778
1265;BuyTransaction;29-11-2020 16:13:13;-4500;1;1778
1266;BuyTransaction;29-11-2020 16:13:13;-4500;1;1778
1267;BuyTransaction;29-11-2020 16:13:13;-4500;1;1778
1268;BuyTransaction;29-11-2020 16:13:13;-4500;1;1778
1269;BuyTransaction;29-11-2020 16:13:13;-4500;1;1778
1270;BuyTransaction;29-11-2020 16:13:13;-4500;1;1778
1271;BuyTransaction;29-11-2020 16:13:13;-4500;1;1778
1272;BuyTransaction;29-11-2020 16:13:13;-4500;1;1778
1273;BuyTransaction;29-11-2020 16:13:13;-4500;1;1778
1274;BuyTransaction;29-11-2020 16:13:13;-4500;1;1778
1275;BuyTransaction;29-11-2020 16:13:13;-4500;1;1778
1276;BuyTransaction;29-11-2020 16:13:13;-4500;1;1778
1277;BuyTransaction;29-11-2020 16:13:13;-4500;1;1778
1278;BuyTransaction;29-11-2020 16:13:13;-4500;1;1778
1279;BuyTransaction;29-11-2020 16:13:13;-4500;1;1778
1280;BuyTransaction;29-11-2020 16:13:13;-4500;1;1778
1281;BuyTransaction;29-11-2020 16:13:13;-4500;1;1778
1282;BuyTransaction;29-11-2020 16:13:13;-4500;1;1778
1283;BuyTransaction;29-11-2020 16:13:13;-4500;1;1778
1284;BuyTransaction;29-11-2020 16:13:13;-4500;1;1778
1285;BuyTransaction;29-11-2020 16:13:13;-4500;1;1778
1286;BuyTransaction;29-11-2020 16:13:13;-4500;1;1778
1287;BuyTransaction;29-11-2020 16:13:13;-4500;1;1778
1288;BuyTransaction;29-11-2020 16:13:13;-4500;1;1778
1289;BuyTransaction;29-11-2020 16:13:13;-4500;1;1778
1290;BuyTransaction;29-11-2020 16:13:13;-4500;1;1778
1291;BuyTransaction;29-11-2020 16:13:13;-4500;1;1778
1292;BuyTransaction;29-11-2020 16:13:13;-4500;1;1778
1293;BuyTransaction;29-11-2020 16:13:13;-4500;1;1778
1294;BuyTransaction;29-11-2020 16:13:13;-4500;1;1778
1295;BuyTransaction;29-11-2020 16:13:13;-4500;1;1778
1296;BuyTransaction;29-11-2020 16:13:13;-4500;1;1778
1297;BuyTransaction;29-11-2020 16:13:13;-4500;1;1778
1298;BuyTransaction;29-11-2020 16:13:13;-4500;1;1778
1299;BuyTransaction;29-11-2020 16:13:13;-4500;1;1778
1300;BuyTransaction;29-11-2020 16:13:13;-4500;1;1778
1301;BuyTransaction;29-11-2020 16:13:13;-4500;1;1778
1302;BuyTransaction;29-11-2020 16:13:13;-4500;1;1778
1303;BuyTransaction;29-11-2020 16:13:13;-4500;1;1778
1304;BuyTransaction;29-11-2020 16:13:13;-4500;1;1778
1305;BuyTransaction;29-11-2020 16:13:13;-4500;1;1778
1306;BuyTransaction;29-11-2020 16:13:13;-4500;1;1778
1307;BuyTransaction;29-11-2020 16:13:55;-1200;1;11
1308;InsertCashTransaction;29-Nov-20 18:42:10;2000000;1;
1309;BuyTransaction;29-Nov-20 18:42:13;-1200;1;11
1310;BuyTransaction;29-Nov-20 18:42:15;-1200;1;11
1311;BuyTransaction;29-Nov-20 18:42:15;-1200;1;11
1312;BuyTransaction;29-Nov-20 18:42:15;-1200;1;11
1313;BuyTransaction;29-Nov-20 18:42:18;-200;1;200
1314;BuyTransaction;29-Nov-20 18:42:23;-3500;1;1835
1315;BuyTransaction;29-Nov-20 18:42:23;-3500;1;1835
1316;BuyTransaction;29-Nov-20 18:42:23;-3500;1;1835
1317;BuyTransaction;29-Nov-20 18:42:23;-3500;1;1835
1318;BuyTransaction;29-Nov-20 18:42:23;-3500;1;1835
